{"cameraMode":{"drawMode":0,"name":"Shaded","section":"Shading Mode"},"sceneLighting":true,"audioPlay":false,"sceneViewState":{"showFog":true,"showMaterialUpdate":false,"showSkybox":true,"showFlares":true,"showImageEffects":true,"showParticleSystems":true},"in2DMode":false,"pivot":{"x":10.887405395507813,"y":4.543875694274902,"z":12.817331314086914},"rotation":{"x":0.039591025561094287,"y":0.020677218213677408,"z":-0.0008195768459700048,"w":0.999001681804657},"size":29.0614013671875,"orthographic":false}